[
  {
    "Account No": 409000611074,
    "Date": "29 Jun 17",
    "Transaction Details": "TRF FROM  Indiaforensic SERVICES",
    "Value Date": "29 Jun 17",
    "Withdrawal AMT": "",
    "Deposit AMT": "10,00,000.00",
    "Balance AMT": "10,00,000.00"
  },
  {
    "Account No": 409000611074,
    "Date": "5 Jul 17",
    "Transaction Details": "TRF FROM  Indiaforensic SERVICES",
    "Value Date": "5 Jul 17",
    "Withdrawal AMT": "",
    "Deposit AMT": "10,00,000.00",
    "Balance AMT": "20,00,000.00"
  },
  {
    "Account No": 409000611074,
    "Date": "18 Jul 17",
    "Transaction Details": "FDRL/INTERNAL FUND TRANSFE",
    "Value Date": "18 Jul 17",
    "Withdrawal AMT": "",
    "Deposit AMT": "5,00,000.00",
    "Balance AMT": "25,00,000.00"
  },
  {
    "Account No": 409000611074,
    "Date": "1 Aug 17",
    "Transaction Details": "TRF FRM  Indiaforensic SERVICES",
    "Value Date": "1 Aug 17",
    "Withdrawal AMT": "",
    "Deposit AMT": "30,00,000.00",
    "Balance AMT": "55,00,000.00"
  },
  {
    "Account No": 409000611074,
    "Date": "16 Aug 17",
    "Transaction Details": "FDRL/INTERNAL FUND TRANSFE",
    "Value Date": "16 Aug 17",
    "Withdrawal AMT": "",
    "Deposit AMT": "5,00,000.00",
    "Balance AMT": "60,00,000.00"
  },
  {
    "Account No": 409000611074,
    "Date": "16 Aug 17",
    "Transaction Details": "FDRL/INTERNAL FUND TRANSFE",
    "Value Date": "16 Aug 17",
    "Withdrawal AMT": "",
    "Deposit AMT": "5,00,000.00",
    "Balance AMT": "65,00,000.00"
  },
  {
    "Account No": 409000611074,
    "Date": "16 Aug 17",
    "Transaction Details": "FDRL/INTERNAL FUND TRANSFE",
    "Value Date": "16 Aug 17",
    "Withdrawal AMT": "",
    "Deposit AMT": "5,00,000.00",
    "Balance AMT": "70,00,000.00"
  },
  {
    "Account No": 409000611074,
    "Date": "16 Aug 17",
    "Transaction Details": "FDRL/INTERNAL FUND TRANSFE",
    "Value Date": "16 Aug 17",
    "Withdrawal AMT": "",
    "Deposit AMT": "5,00,000.00",
    "Balance AMT": "75,00,000.00"
  },
  {
    "Account No": 409000611074,
    "Date": "16 Aug 17",
    "Transaction Details": "FDRL/INTERNAL FUND TRANSFE",
    "Value Date": "16 Aug 17",
    "Withdrawal AMT": "",
    "Deposit AMT": "5,00,000.00",
    "Balance AMT": "80,00,000.00"
  },
  {
    "Account No": 409000611074,
    "Date": "16 Aug 17",
    "Transaction Details": "FDRL/INTERNAL FUND TRANSFE",
    "Value Date": "16 Aug 17",
    "Withdrawal AMT": "",
    "Deposit AMT": "5,00,000.00",
    "Balance AMT": "85,00,000.00"
  },
  {
    "Account No": 409000611074,
    "Date": "16 Aug 17",
    "Transaction Details": "INDO GIBL Indiaforensic STL01071",
    "Value Date": "16 Aug 17",
    "Withdrawal AMT": "1,33,900.00",
    "Deposit AMT": "",
    "Balance AMT": "83,66,100.00"
  },
  {
    "Account No": 409000611074,
    "Date": "16 Aug 17",
    "Transaction Details": "INDO GIBL Indiaforensic STL02071",
    "Value Date": "16 Aug 17",
    "Withdrawal AMT": "18,000.00",
    "Deposit AMT": "",
    "Balance AMT": "83,48,100.00"
  },
  {
    "Account No": 409000611074,
    "Date": "16 Aug 17",
    "Transaction Details": "INDO GIBL Indiaforensic STL03071",
    "Value Date": "16 Aug 17",
    "Withdrawal AMT": "5,000.00",
    "Deposit AMT": "",
    "Balance AMT": "83,43,100.00"
  },
  {
    "Account No": 409000611074,
    "Date": "16 Aug 17",
    "Transaction Details": "INDO GIBL Indiaforensic STL04071",
    "Value Date": "16 Aug 17",
    "Withdrawal AMT": "1,95,800.00",
    "Deposit AMT": "",
    "Balance AMT": "81,47,300.00"
  },
  {
    "Account No": 409000611074,
    "Date": "16 Aug 17",
    "Transaction Details": "INDO GIBL Indiaforensic STL05071",
    "Value Date": "16 Aug 17",
    "Withdrawal AMT": "81,600.00",
    "Deposit AMT": "",
    "Balance AMT": "80,65,700.00"
  },
  {
    "Account No": 409000611074,
    "Date": "16 Aug 17",
    "Transaction Details": "INDO GIBL Indiaforensic STL06071",
    "Value Date": "16 Aug 17",
    "Withdrawal AMT": "41,800.00",
    "Deposit AMT": "",
    "Balance AMT": "80,23,900.00"
  },
  {
    "Account No": 409000611074,
    "Date": "16 Aug 17",
    "Transaction Details": "INDO GIBL Indiaforensic STL07071",
    "Value Date": "16 Aug 17",
    "Withdrawal AMT": "98,500.00",
    "Deposit AMT": "",
    "Balance AMT": "79,25,400.00"
  },
  {
    "Account No": 409000611074,
    "Date": "16 Aug 17",
    "Transaction Details": "INDO GIBL Indiaforensic STL10071",
    "Value Date": "16 Aug 17",
    "Withdrawal AMT": "1,43,800.00",
    "Deposit AMT": "",
    "Balance AMT": "77,81,600.00"
  },
  {
    "Account No": 409000611074,
    "Date": "16 Aug 17",
    "Transaction Details": "INDO GIBL Indiaforensic STL11071",
    "Value Date": "16 Aug 17",
    "Withdrawal AMT": "3,31,650.00",
    "Deposit AMT": "",
    "Balance AMT": "74,49,950.00"
  },
  {
    "Account No": 409000611074,
    "Date": "16 Aug 17",
    "Transaction Details": "INDO GIBL Indiaforensic STL12071",
    "Value Date": "16 Aug 17",
    "Withdrawal AMT": "1,29,000.00",
    "Deposit AMT": "",
    "Balance AMT": "73,20,950.00"
  },
  {
    "Account No": 409000611074,
    "Date": "16 Aug 17",
    "Transaction Details": "INDO GIBL Indiaforensic STL13071",
    "Value Date": "16 Aug 17",
    "Withdrawal AMT": "2,30,013.00",
    "Deposit AMT": "",
    "Balance AMT": "70,90,937.00"
  },
  {
    "Account No": 409000611074,
    "Date": "16 Aug 17",
    "Transaction Details": "INDO GIBL Indiaforensic STL14071",
    "Value Date": "16 Aug 17",
    "Withdrawal AMT": "3,67,900.00",
    "Deposit AMT": "",
    "Balance AMT": "67,23,037.00"
  },
  {
    "Account No": 409000611074,
    "Date": "16 Aug 17",
    "Transaction Details": "INDO GIBL Indiaforensic STL15071",
    "Value Date": "16 Aug 17",
    "Withdrawal AMT": "1,08,000.00",
    "Deposit AMT": "",
    "Balance AMT": "66,15,037.00"
  },
  {
    "Account No": 409000611074,
    "Date": "16 Aug 17",
    "Transaction Details": "INDO GIBL Indiaforensic STL16071",
    "Value Date": "16 Aug 17",
    "Withdrawal AMT": "64,800.00",
    "Deposit AMT": "",
    "Balance AMT": "65,50,237.00"
  },
  {
    "Account No": 409000611074,
    "Date": "16 Aug 17",
    "Transaction Details": "INDO GIBL Indiaforensic STL17071",
    "Value Date": "16 Aug 17",
    "Withdrawal AMT": "1,41,000.00",
    "Deposit AMT": "",
    "Balance AMT": "64,09,237.00"
  },
  {
    "Account No": 409000611074,
    "Date": "16 Aug 17",
    "Transaction Details": "INDO GIBL Indiaforensic STL18071",
    "Value Date": "16 Aug 17",
    "Withdrawal AMT": "61,750.00",
    "Deposit AMT": "",
    "Balance AMT": "63,47,487.00"
  },
  {
    "Account No": 409000611074,
    "Date": "16 Aug 17",
    "Transaction Details": "INDO GIBL Indiaforensic STL19071",
    "Value Date": "16 Aug 17",
    "Withdrawal AMT": "67,920.00",
    "Deposit AMT": "",
    "Balance AMT": "62,79,567.00"
  },
  {
    "Account No": 409000611074,
    "Date": "16 Aug 17",
    "Transaction Details": "INDO GIBL Indiaforensic STL20071",
    "Value Date": "16 Aug 17",
    "Withdrawal AMT": "78,100.00",
    "Deposit AMT": "",
    "Balance AMT": "62,01,467.00"
  },
  {
    "Account No": 409000611074,
    "Date": "16 Aug 17",
    "Transaction Details": "INDO GIBL Indiaforensic STL21071",
    "Value Date": "16 Aug 17",
    "Withdrawal AMT": "35,650.00",
    "Deposit AMT": "",
    "Balance AMT": "61,65,817.00"
  },
  {
    "Account No": 409000611074,
    "Date": "16 Aug 17",
    "Transaction Details": "INDO GIBL Indiaforensic STL22071",
    "Value Date": "16 Aug 17",
    "Withdrawal AMT": "2,06,000.00",
    "Deposit AMT": "",
    "Balance AMT": "59,59,817.00"
  },
  {
    "Account No": 409000611074,
    "Date": "16 Aug 17",
    "Transaction Details": "INDO GIBL Indiaforensic STL24071",
    "Value Date": "16 Aug 17",
    "Withdrawal AMT": "35,300.00",
    "Deposit AMT": "",
    "Balance AMT": "59,24,517.00"
  },
  {
    "Account No": 409000611074,
    "Date": "16 Aug 17",
    "Transaction Details": "INDO GIBL Indiaforensic STL25071",
    "Value Date": "16 Aug 17",
    "Withdrawal AMT": "49,800.00",
    "Deposit AMT": "",
    "Balance AMT": "58,74,717.00"
  },
  {
    "Account No": 409000611074,
    "Date": "16 Aug 17",
    "Transaction Details": "INDO GIBL Indiaforensic STL26071",
    "Value Date": "16 Aug 17",
    "Withdrawal AMT": "53,000.00",
    "Deposit AMT": "",
    "Balance AMT": "58,21,717.00"
  },
  {
    "Account No": 409000611074,
    "Date": "16 Aug 17",
    "Transaction Details": "INDO GIBL Indiaforensic STL27071",
    "Value Date": "16 Aug 17",
    "Withdrawal AMT": "91,300.00",
    "Deposit AMT": "",
    "Balance AMT": "57,30,417.00"
  },
  {
    "Account No": 409000611074,
    "Date": "16 Aug 17",
    "Transaction Details": "INDO GIBL Indiaforensic STL28071",
    "Value Date": "16 Aug 17",
    "Withdrawal AMT": "57,499.00",
    "Deposit AMT": "",
    "Balance AMT": "56,72,918.00"
  },
  {
    "Account No": 409000611074,
    "Date": "16 Aug 17",
    "Transaction Details": "INDO GIBL Indiaforensic STL30071",
    "Value Date": "16 Aug 17",
    "Withdrawal AMT": "20,000.00",
    "Deposit AMT": "",
    "Balance AMT": "56,52,918.00"
  },
  {
    "Account No": 409000611074,
    "Date": "16 Aug 17",
    "Transaction Details": "INDO GIBL Indiaforensic STL31071",
    "Value Date": "16 Aug 17",
    "Withdrawal AMT": "19,400.00",
    "Deposit AMT": "",
    "Balance AMT": "56,33,518.00"
  },
  {
    "Account No": 409000611074,
    "Date": "6 Sep 17",
    "Transaction Details": "INDO GIBL Indiaforensic STL01081",
    "Value Date": "6 Sep 17",
    "Withdrawal AMT": "40,500.00",
    "Deposit AMT": "",
    "Balance AMT": "55,93,018.00"
  },
  {
    "Account No": 409000611074,
    "Date": "6 Sep 17",
    "Transaction Details": "INDO GIBL Indiaforensic STL02081",
    "Value Date": "6 Sep 17",
    "Withdrawal AMT": "2,42,300.00",
    "Deposit AMT": "",
    "Balance AMT": "53,50,718.00"
  },
  {
    "Account No": 409000611074,
    "Date": "6 Sep 17",
    "Transaction Details": "INDO GIBL Indiaforensic STL03081",
    "Value Date": "6 Sep 17",
    "Withdrawal AMT": "90,100.00",
    "Deposit AMT": "",
    "Balance AMT": "52,60,618.00"
  },
  {
    "Account No": 409000611074,
    "Date": "6 Sep 17",
    "Transaction Details": "INDO GIBL Indiaforensic STL04081",
    "Value Date": "6 Sep 17",
    "Withdrawal AMT": "1,13,250.00",
    "Deposit AMT": "",
    "Balance AMT": "51,47,368.00"
  },
  {
    "Account No": 409000611074,
    "Date": "6 Sep 17",
    "Transaction Details": "INDO GIBL Indiaforensic STL05081",
    "Value Date": "6 Sep 17",
    "Withdrawal AMT": "12,500.00",
    "Deposit AMT": "",
    "Balance AMT": "51,34,868.00"
  },
  {
    "Account No": 409000611074,
    "Date": "6 Sep 17",
    "Transaction Details": "INDO GIBL Indiaforensic STL06081",
    "Value Date": "6 Sep 17",
    "Withdrawal AMT": "40,000.00",
    "Deposit AMT": "",
    "Balance AMT": "50,94,868.00"
  },
  {
    "Account No": 409000611074,
    "Date": "6 Sep 17",
    "Transaction Details": "INDO GIBL Indiaforensic STL07081",
    "Value Date": "6 Sep 17",
    "Withdrawal AMT": "2,06,900.00",
    "Deposit AMT": "",
    "Balance AMT": "48,87,968.00"
  },
  {
    "Account No": 409000611074,
    "Date": "6 Sep 17",
    "Transaction Details": "INDO GIBL Indiaforensic STL08081",
    "Value Date": "6 Sep 17",
    "Withdrawal AMT": "2,76,000.00",
    "Deposit AMT": "",
    "Balance AMT": "46,11,968.00"
  },
  {
    "Account No": 409000611074,
    "Date": "6 Sep 17",
    "Transaction Details": "INDO GIBL Indiaforensic STL09081",
    "Value Date": "6 Sep 17",
    "Withdrawal AMT": "1,71,000.00",
    "Deposit AMT": "",
    "Balance AMT": "44,40,968.00"
  },
  {
    "Account No": 409000611074,
    "Date": "6 Sep 17",
    "Transaction Details": "INDO GIBL Indiaforensic STL10081",
    "Value Date": "6 Sep 17",
    "Withdrawal AMT": "40,100.00",
    "Deposit AMT": "",
    "Balance AMT": "44,00,868.00"
  },
  {
    "Account No": 409000611074,
    "Date": "6 Sep 17",
    "Transaction Details": "INDO GIBL Indiaforensic STL11081",
    "Value Date": "6 Sep 17",
    "Withdrawal AMT": "1,89,800.00",
    "Deposit AMT": "",
    "Balance AMT": "42,11,068.00"
  },
  {
    "Account No": 409000611074,
    "Date": "6 Sep 17",
    "Transaction Details": "INDO GIBL Indiaforensic STL12081",
    "Value Date": "6 Sep 17",
    "Withdrawal AMT": "55,800.00",
    "Deposit AMT": "",
    "Balance AMT": "41,55,268.00"
  },
  {
    "Account No": 409000611074,
    "Date": "6 Sep 17",
    "Transaction Details": "INDO GIBL Indiaforensic STL13081",
    "Value Date": "6 Sep 17",
    "Withdrawal AMT": "95,400.00",
    "Deposit AMT": "",
    "Balance AMT": "40,59,868.00"
  },
  {
    "Account No": 409000611074,
    "Date": "6 Sep 17",
    "Transaction Details": "INDO GIBL Indiaforensic STL14081",
    "Value Date": "6 Sep 17",
    "Withdrawal AMT": "2,71,323.00",
    "Deposit AMT": "",
    "Balance AMT": "37,88,545.00"
  },
  {
    "Account No": 409000611074,
    "Date": "6 Sep 17",
    "Transaction Details": "INDO GIBL Indiaforensic STL16081",
    "Value Date": "6 Sep 17",
    "Withdrawal AMT": "2,00,600.00",
    "Deposit AMT": "",
    "Balance AMT": "35,87,945.00"
  },
  {
    "Account No": 409000611074,
    "Date": "6 Sep 17",
    "Transaction Details": "INDO GIBL Indiaforensic STL17081",
    "Value Date": "6 Sep 17",
    "Withdrawal AMT": "1,76,900.00",
    "Deposit AMT": "",
    "Balance AMT": "34,11,045.00"
  },
  {
    "Account No": 409000611074,
    "Date": "6 Sep 17",
    "Transaction Details": "INDO GIBL Indiaforensic STL18081",
    "Value Date": "6 Sep 17",
    "Withdrawal AMT": "1,50,050.00",
    "Deposit AMT": "",
    "Balance AMT": "32,60,995.00"
  },
  {
    "Account No": 409000611074,
    "Date": "6 Sep 17",
    "Transaction Details": "INDO GIBL Indiaforensic STL19081",
    "Value Date": "6 Sep 17",
    "Withdrawal AMT": "82,500.00",
    "Deposit AMT": "",
    "Balance AMT": "31,78,495.00"
  },
  {
    "Account No": 409000611074,
    "Date": "6 Sep 17",
    "Transaction Details": "INDO GIBL Indiaforensic STL20081",
    "Value Date": "6 Sep 17",
    "Withdrawal AMT": "14,800.00",
    "Deposit AMT": "",
    "Balance AMT": "31,63,695.00"
  },
  {
    "Account No": 409000611074,
    "Date": "6 Sep 17",
    "Transaction Details": "INDO GIBL Indiaforensic STL21081",
    "Value Date": "6 Sep 17",
    "Withdrawal AMT": "1,50,600.00",
    "Deposit AMT": "",
    "Balance AMT": "30,13,095.00"
  },
  {
    "Account No": 409000611074,
    "Date": "6 Sep 17",
    "Transaction Details": "INDO GIBL Indiaforensic STL22081",
    "Value Date": "6 Sep 17",
    "Withdrawal AMT": "2,03,325.00",
    "Deposit AMT": "",
    "Balance AMT": "28,09,770.00"
  },
  {
    "Account No": 409000611074,
    "Date": "6 Sep 17",
    "Transaction Details": "INDO GIBL Indiaforensic STL23081",
    "Value Date": "6 Sep 17",
    "Withdrawal AMT": "1,23,900.00",
    "Deposit AMT": "",
    "Balance AMT": "26,85,870.00"
  },
  {
    "Account No": 409000611074,
    "Date": "6 Sep 17",
    "Transaction Details": "INDO GIBL Indiaforensic STL24081",
    "Value Date": "6 Sep 17",
    "Withdrawal AMT": "33,863.00",
    "Deposit AMT": "",
    "Balance AMT": "26,52,007.00"
  },
  {
    "Account No": 409000611074,
    "Date": "6 Sep 17",
    "Transaction Details": "INDO GIBL Indiaforensic STL25081",
    "Value Date": "6 Sep 17",
    "Withdrawal AMT": "32,000.00",
    "Deposit AMT": "",
    "Balance AMT": "26,20,007.00"
  },
  {
    "Account No": 409000611074,
    "Date": "6 Sep 17",
    "Transaction Details": "INDO GIBL Indiaforensic STL26081",
    "Value Date": "6 Sep 17",
    "Withdrawal AMT": "8,299.00",
    "Deposit AMT": "",
    "Balance AMT": "26,11,708.00"
  },
  {
    "Account No": 409000611074,
    "Date": "6 Sep 17",
    "Transaction Details": "INDO GIBL Indiaforensic STL28081",
    "Value Date": "6 Sep 17",
    "Withdrawal AMT": "52,219.00",
    "Deposit AMT": "",
    "Balance AMT": "25,59,489.00"
  },
  {
    "Account No": 409000611074,
    "Date": "6 Sep 17",
    "Transaction Details": "INDO GIBL Indiaforensic STL29081",
    "Value Date": "6 Sep 17",
    "Withdrawal AMT": "96,450.00",
    "Deposit AMT": "",
    "Balance AMT": "24,63,039.00"
  },
  {
    "Account No": 409000611074,
    "Date": "6 Sep 17",
    "Transaction Details": "INDO GIBL Indiaforensic STL30081",
    "Value Date": "6 Sep 17",
    "Withdrawal AMT": "1,39,863.00",
    "Deposit AMT": "",
    "Balance AMT": "23,23,176.00"
  },
  {
    "Account No": 409000611074,
    "Date": "6 Sep 17",
    "Transaction Details": "INDO GIBL Indiaforensic STL31081",
    "Value Date": "6 Sep 17",
    "Withdrawal AMT": "52,723.00",
    "Deposit AMT": "",
    "Balance AMT": "22,70,453.00"
  },
  {
    "Account No": 409000611074,
    "Date": "25 Sep 17",
    "Transaction Details": "INDO GIBL Indiaforensic STL01091",
    "Value Date": "25 Sep 17",
    "Withdrawal AMT": "77,251.00",
    "Deposit AMT": "",
    "Balance AMT": "21,93,202.00"
  },
  {
    "Account No": 409000611074,
    "Date": "25 Sep 17",
    "Transaction Details": "INDO GIBL Indiaforensic STL02091",
    "Value Date": "25 Sep 17",
    "Withdrawal AMT": "20,000.00",
    "Deposit AMT": "",
    "Balance AMT": "21,73,202.00"
  },
  {
    "Account No": 409000611074,
    "Date": "25 Sep 17",
    "Transaction Details": "INDO GIBL Indiaforensic STL03091",
    "Value Date": "25 Sep 17",
    "Withdrawal AMT": "10,000.00",
    "Deposit AMT": "",
    "Balance AMT": "21,63,202.00"
  },
  {
    "Account No": 409000611074,
    "Date": "25 Sep 17",
    "Transaction Details": "INDO GIBL Indiaforensic STL04091",
    "Value Date": "25 Sep 17",
    "Withdrawal AMT": "1,03,600.00",
    "Deposit AMT": "",
    "Balance AMT": "20,59,602.00"
  },
  {
    "Account No": 409000611074,
    "Date": "25 Sep 17",
    "Transaction Details": "INDO GIBL Indiaforensic STL05091",
    "Value Date": "25 Sep 17",
    "Withdrawal AMT": "71,000.00",
    "Deposit AMT": "",
    "Balance AMT": "19,88,602.00"
  },
  {
    "Account No": 409000611074,
    "Date": "25 Sep 17",
    "Transaction Details": "INDO GIBL Indiaforensic STL06091",
    "Value Date": "25 Sep 17",
    "Withdrawal AMT": "1,29,400.00",
    "Deposit AMT": "",
    "Balance AMT": "18,59,202.00"
  },
  {
    "Account No": 409000611074,
    "Date": "25 Sep 17",
    "Transaction Details": "INDO GIBL Indiaforensic STL07091",
    "Value Date": "25 Sep 17",
    "Withdrawal AMT": "2,90,163.00",
    "Deposit AMT": "",
    "Balance AMT": "15,69,039.00"
  },
  {
    "Account No": 409000611074,
    "Date": "25 Sep 17",
    "Transaction Details": "INDO GIBL Indiaforensic STL08091",
    "Value Date": "25 Sep 17",
    "Withdrawal AMT": "34,300.00",
    "Deposit AMT": "",
    "Balance AMT": "15,34,739.00"
  },
  {
    "Account No": 409000611074,
    "Date": "25 Sep 17",
    "Transaction Details": "INDO GIBL Indiaforensic STL09091",
    "Value Date": "25 Sep 17",
    "Withdrawal AMT": "49,800.00",
    "Deposit AMT": "",
    "Balance AMT": "14,84,939.00"
  },
  {
    "Account No": 409000611074,
    "Date": "25 Sep 17",
    "Transaction Details": "INDO GIBL Indiaforensic STL10091",
    "Value Date": "25 Sep 17",
    "Withdrawal AMT": "44,800.00",
    "Deposit AMT": "",
    "Balance AMT": "14,40,139.00"
  },
  {
    "Account No": 409000611074,
    "Date": "25 Sep 17",
    "Transaction Details": "INDO GIBL Indiaforensic STL11091",
    "Value Date": "25 Sep 17",
    "Withdrawal AMT": "1,51,550.00",
    "Deposit AMT": "",
    "Balance AMT": "12,88,589.00"
  },
  {
    "Account No": 409000611074,
    "Date": "25 Sep 17",
    "Transaction Details": "INDO GIBL Indiaforensic STL12091",
    "Value Date": "25 Sep 17",
    "Withdrawal AMT": "3,10,399.00",
    "Deposit AMT": "",
    "Balance AMT": "9,78,190.00"
  },
  {
    "Account No": 409000611074,
    "Date": "25 Sep 17",
    "Transaction Details": "INDO GIBL Indiaforensic STL13091",
    "Value Date": "25 Sep 17",
    "Withdrawal AMT": "2,71,401.00",
    "Deposit AMT": "",
    "Balance AMT": "7,06,789.00"
  },
  {
    "Account No": 409000611074,
    "Date": "25 Sep 17",
    "Transaction Details": "INDO GIBL Indiaforensic STL14091",
    "Value Date": "25 Sep 17",
    "Withdrawal AMT": "2,75,449.00",
    "Deposit AMT": "",
    "Balance AMT": "4,31,340.00"
  },
  {
    "Account No": 409000611074,
    "Date": "25 Sep 17",
    "Transaction Details": "INDO GIBL Indiaforensic STL15091",
    "Value Date": "25 Sep 17",
    "Withdrawal AMT": "51,502.00",
    "Deposit AMT": "",
    "Balance AMT": "3,79,838.00"
  },
  {
    "Account No": 409000611074,
    "Date": "25 Sep 17",
    "Transaction Details": "INDO GIBL Indiaforensic STL16091",
    "Value Date": "25 Sep 17",
    "Withdrawal AMT": "36,650.00",
    "Deposit AMT": "",
    "Balance AMT": "3,43,188.00"
  },
  {
    "Account No": 409000611074,
    "Date": "25 Sep 17",
    "Transaction Details": "INDO GIBL Indiaforensic STL17091",
    "Value Date": "25 Sep 17",
    "Withdrawal AMT": "99,600.00",
    "Deposit AMT": "",
    "Balance AMT": "2,43,588.00"
  },
  {
    "Account No": 409000611074,
    "Date": "25 Sep 17",
    "Transaction Details": "FDRL/INTERNAL FUND TRANSFE",
    "Value Date": "25 Sep 17",
    "Withdrawal AMT": "",
    "Deposit AMT": "5,00,000.00",
    "Balance AMT": "7,43,588.00"
  },
  {
    "Account No": 409000611074,
    "Date": "25 Sep 17",
    "Transaction Details": "FDRL/INTERNAL FUND TRANSFE",
    "Value Date": "25 Sep 17",
    "Withdrawal AMT": "",
    "Deposit AMT": "5,00,000.00",
    "Balance AMT": "12,43,588.00"
  },
  {
    "Account No": 409000611074,
    "Date": "25 Sep 17",
    "Transaction Details": "FDRL/INTERNAL FUND TRANSFE",
    "Value Date": "25 Sep 17",
    "Withdrawal AMT": "",
    "Deposit AMT": "5,00,000.00",
    "Balance AMT": "17,43,588.00"
  },
  {
    "Account No": 409000611074,
    "Date": "25 Sep 17",
    "Transaction Details": "FDRL/INTERNAL FUND TRANSFE",
    "Value Date": "25 Sep 17",
    "Withdrawal AMT": "",
    "Deposit AMT": "5,00,000.00",
    "Balance AMT": "22,43,588.00"
  },
  {
    "Account No": 409000611074,
    "Date": "25 Sep 17",
    "Transaction Details": "FDRL/INTERNAL FUND TRANSFE",
    "Value Date": "25 Sep 17",
    "Withdrawal AMT": "",
    "Deposit AMT": "5,00,000.00",
    "Balance AMT": "27,43,588.00"
  },
  {
    "Account No": 409000611074,
    "Date": "26 Sep 17",
    "Transaction Details": "INDO GIBL Indiaforensic STL18091",
    "Value Date": "26 Sep 17",
    "Withdrawal AMT": "4,11,763.00",
    "Deposit AMT": "",
    "Balance AMT": "23,31,825.00"
  },
  {
    "Account No": 409000611074,
    "Date": "26 Sep 17",
    "Transaction Details": "INDO GIBL Indiaforensic STL19091",
    "Value Date": "26 Sep 17",
    "Withdrawal AMT": "3,55,138.00",
    "Deposit AMT": "",
    "Balance AMT": "19,76,687.00"
  },
  {
    "Account No": 409000611074,
    "Date": "26 Sep 17",
    "Transaction Details": "INDO GIBL Indiaforensic STL20091",
    "Value Date": "26 Sep 17",
    "Withdrawal AMT": "88,656.00",
    "Deposit AMT": "",
    "Balance AMT": "18,88,031.00"
  },
  {
    "Account No": 409000611074,
    "Date": "26 Sep 17",
    "Transaction Details": "INDO GIBL Indiaforensic STL21091",
    "Value Date": "26 Sep 17",
    "Withdrawal AMT": "14,800.00",
    "Deposit AMT": "",
    "Balance AMT": "18,73,231.00"
  },
  {
    "Account No": 409000611074,
    "Date": "26 Sep 17",
    "Transaction Details": "INDO GIBL Indiaforensic STL22091",
    "Value Date": "26 Sep 17",
    "Withdrawal AMT": "27,000.00",
    "Deposit AMT": "",
    "Balance AMT": "18,46,231.00"
  },
  {
    "Account No": 409000611074,
    "Date": "26 Sep 17",
    "Transaction Details": "INDO GIBL Indiaforensic STL23091",
    "Value Date": "26 Sep 17",
    "Withdrawal AMT": "42,850.00",
    "Deposit AMT": "",
    "Balance AMT": "18,03,381.00"
  },
  {
    "Account No": 409000611074,
    "Date": "26 Sep 17",
    "Transaction Details": "INDO GIBL Indiaforensic STL24091",
    "Value Date": "26 Sep 17",
    "Withdrawal AMT": "39,925.00",
    "Deposit AMT": "",
    "Balance AMT": "17,63,456.00"
  },
  {
    "Account No": 409000611074,
    "Date": "26 Sep 17",
    "Transaction Details": "INDO GIBL Indiaforensic STL25091",
    "Value Date": "26 Sep 17",
    "Withdrawal AMT": "2,02,106.00",
    "Deposit AMT": "",
    "Balance AMT": "15,61,350.00"
  },
  {
    "Account No": 409000611074,
    "Date": "27 Sep 17",
    "Transaction Details": "INDO GIBL Indiaforensic STL26091",
    "Value Date": "27 Sep 17",
    "Withdrawal AMT": "1,69,802.00",
    "Deposit AMT": "",
    "Balance AMT": "13,91,548.00"
  },
  {
    "Account No": 409000611074,
    "Date": "28 Sep 17",
    "Transaction Details": "INDO GIBL Indiaforensic STL27091",
    "Value Date": "28 Sep 17",
    "Withdrawal AMT": "2,00,570.00",
    "Deposit AMT": "",
    "Balance AMT": "11,90,978.00"
  },
  {
    "Account No": 409000611074,
    "Date": "3 Oct 17",
    "Transaction Details": "INDO GIBL Indiaforensic STL28091",
    "Value Date": "3 Oct 17",
    "Withdrawal AMT": "12,106.00",
    "Deposit AMT": "",
    "Balance AMT": "11,78,872.00"
  },
  {
    "Account No": 409000611074,
    "Date": "3 Oct 17",
    "Transaction Details": "INDO GIBL Indiaforensic STL29091",
    "Value Date": "3 Oct 17",
    "Withdrawal AMT": "12,611.00",
    "Deposit AMT": "",
    "Balance AMT": "11,66,261.00"
  },
  {
    "Account No": 409000611074,
    "Date": "3 Oct 17",
    "Transaction Details": "INDO GIBL Indiaforensic STL30091",
    "Value Date": "3 Oct 17",
    "Withdrawal AMT": "9,375.00",
    "Deposit AMT": "",
    "Balance AMT": "11,56,886.00"
  },
  {
    "Account No": 409000611074,
    "Date": "4 Oct 17",
    "Transaction Details": "INDO GIBL Indiaforensic STL03101",
    "Value Date": "4 Oct 17",
    "Withdrawal AMT": "1,25,200.00",
    "Deposit AMT": "",
    "Balance AMT": "10,31,686.00"
  },
  {
    "Account No": 409000611074,
    "Date": "5 Oct 17",
    "Transaction Details": "INDO GIBL Indiaforensic STL04101",
    "Value Date": "5 Oct 17",
    "Withdrawal AMT": "61,400.00",
    "Deposit AMT": "",
    "Balance AMT": "9,70,286.00"
  },
  {
    "Account No": 409000611074,
    "Date": "6 Oct 17",
    "Transaction Details": "INDO GIBL Indiaforensic STL05101",
    "Value Date": "6 Oct 17",
    "Withdrawal AMT": "1,43,700.00",
    "Deposit AMT": "",
    "Balance AMT": "8,26,586.00"
  },
  {
    "Account No": 409000611074,
    "Date": "16 Oct 17",
    "Transaction Details": "FDRL/INTERNAL FUND TRANSFE",
    "Value Date": "16 Oct 17",
    "Withdrawal AMT": "",
    "Deposit AMT": "5,00,000.00",
    "Balance AMT": "13,26,586.00"
  },
  {
    "Account No": 409000611074,
    "Date": "16 Oct 17",
    "Transaction Details": "FDRL/INTERNAL FUND TRANSFE",
    "Value Date": "16 Oct 17",
    "Withdrawal AMT": "",
    "Deposit AMT": "5,00,000.00",
    "Balance AMT": "18,26,586.00"
  },
  {
    "Account No": 409000611074,
    "Date": "16 Oct 17",
    "Transaction Details": "FDRL/INTERNAL FUND TRANSFE",
    "Value Date": "16 Oct 17",
    "Withdrawal AMT": "",
    "Deposit AMT": "5,00,000.00",
    "Balance AMT": "23,26,586.00"
  },
  {
    "Account No": 409000611074,
    "Date": "17 Oct 17",
    "Transaction Details": "INDO GIBL Indiaforensic STL06101",
    "Value Date": "17 Oct 17",
    "Withdrawal AMT": "6,000.00",
    "Deposit AMT": "",
    "Balance AMT": "23,20,586.00"
  },
  {
    "Account No": 409000611074,
    "Date": "17 Oct 17",
    "Transaction Details": "INDO GIBL Indiaforensic STL07101",
    "Value Date": "17 Oct 17",
    "Withdrawal AMT": "97,950.00",
    "Deposit AMT": "",
    "Balance AMT": "22,22,636.00"
  },
  {
    "Account No": 409000611074,
    "Date": "17 Oct 17",
    "Transaction Details": "INDO GIBL Indiaforensic STL08101",
    "Value Date": "17 Oct 17",
    "Withdrawal AMT": "33,000.00",
    "Deposit AMT": "",
    "Balance AMT": "21,89,636.00"
  },
  {
    "Account No": 409000611074,
    "Date": "17 Oct 17",
    "Transaction Details": "INDO GIBL Indiaforensic STL09101",
    "Value Date": "17 Oct 17",
    "Withdrawal AMT": "3,29,300.00",
    "Deposit AMT": "",
    "Balance AMT": "18,60,336.00"
  },
  {
    "Account No": 409000611074,
    "Date": "17 Oct 17",
    "Transaction Details": "INDO GIBL Indiaforensic STL10101",
    "Value Date": "17 Oct 17",
    "Withdrawal AMT": "18,000.00",
    "Deposit AMT": "",
    "Balance AMT": "18,42,336.00"
  },
  {
    "Account No": 409000611074,
    "Date": "17 Oct 17",
    "Transaction Details": "INDO GIBL Indiaforensic STL11101",
    "Value Date": "17 Oct 17",
    "Withdrawal AMT": "1,13,400.00",
    "Deposit AMT": "",
    "Balance AMT": "17,28,936.00"
  },
  {
    "Account No": 409000611074,
    "Date": "17 Oct 17",
    "Transaction Details": "INDO GIBL Indiaforensic STL12101",
    "Value Date": "17 Oct 17",
    "Withdrawal AMT": "2,62,226.00",
    "Deposit AMT": "",
    "Balance AMT": "14,66,710.00"
  },
  {
    "Account No": 409000611074,
    "Date": "17 Oct 17",
    "Transaction Details": "INDO GIBL Indiaforensic STL13101",
    "Value Date": "17 Oct 17",
    "Withdrawal AMT": "3,18,750.00",
    "Deposit AMT": "",
    "Balance AMT": "11,47,960.00"
  },
  {
    "Account No": 409000611074,
    "Date": "17 Oct 17",
    "Transaction Details": "INDO GIBL Indiaforensic STL14101",
    "Value Date": "17 Oct 17",
    "Withdrawal AMT": "65,549.00",
    "Deposit AMT": "",
    "Balance AMT": "10,82,411.00"
  },
  {
    "Account No": 409000611074,
    "Date": "18 Oct 17",
    "Transaction Details": "INDO GIBL Indiaforensic STL17101",
    "Value Date": "18 Oct 17",
    "Withdrawal AMT": "2,06,501.00",
    "Deposit AMT": "",
    "Balance AMT": "8,75,910.00"
  },
  {
    "Account No": 409000611074,
    "Date": "21 Oct 17",
    "Transaction Details": "FDRL/INTERNAL FUND TRANSFE",
    "Value Date": "21 Oct 17",
    "Withdrawal AMT": "",
    "Deposit AMT": "5,00,000.00",
    "Balance AMT": "13,75,910.00"
  },
  {
    "Account No": 409000611074,
    "Date": "21 Oct 17",
    "Transaction Details": "INDO GIBL Indiaforensic STL18101",
    "Value Date": "21 Oct 17",
    "Withdrawal AMT": "85,000.00",
    "Deposit AMT": "",
    "Balance AMT": "12,90,910.00"
  },
  {
    "Account No": 409000611074,
    "Date": "21 Oct 17",
    "Transaction Details": "INDO GIBL Indiaforensic STL19101",
    "Value Date": "21 Oct 17",
    "Withdrawal AMT": "76,389.00",
    "Deposit AMT": "",
    "Balance AMT": "12,14,521.00"
  },
  {
    "Account No": 409000611074,
    "Date": "21 Oct 17",
    "Transaction Details": "INDO GIBL Indiaforensic STL20101",
    "Value Date": "21 Oct 17",
    "Withdrawal AMT": "62,725.00",
    "Deposit AMT": "",
    "Balance AMT": "11,51,796.00"
  },
  {
    "Account No": 409000611074,
    "Date": "23 Oct 17",
    "Transaction Details": "INDO GIBL Indiaforensic STL21101",
    "Value Date": "23 Oct 17",
    "Withdrawal AMT": "39,000.00",
    "Deposit AMT": "",
    "Balance AMT": "11,12,796.00"
  },
  {
    "Account No": 409000611074,
    "Date": "23 Oct 17",
    "Transaction Details": "INDO GIBL Indiaforensic STL22101",
    "Value Date": "23 Oct 17",
    "Withdrawal AMT": "9,600.00",
    "Deposit AMT": "",
    "Balance AMT": "11,03,196.00"
  },
  {
    "Account No": 409000611074,
    "Date": "24 Oct 17",
    "Transaction Details": "INDO GIBL Indiaforensic STL23101",
    "Value Date": "24 Oct 17",
    "Withdrawal AMT": "1,23,260.00",
    "Deposit AMT": "",
    "Balance AMT": "9,79,936.00"
  },
  {
    "Account No": 409000611074,
    "Date": "25 Oct 17",
    "Transaction Details": "INDO GIBL Indiaforensic STL24101",
    "Value Date": "25 Oct 17",
    "Withdrawal AMT": "3,69,803.00",
    "Deposit AMT": "",
    "Balance AMT": "6,10,133.00"
  },
  {
    "Account No": 409000611074,
    "Date": "26 Oct 17",
    "Transaction Details": "INDO GIBL Indiaforensic STL25101",
    "Value Date": "26 Oct 17",
    "Withdrawal AMT": "1,70,125.00",
    "Deposit AMT": "",
    "Balance AMT": "4,40,008.00"
  },
  {
    "Account No": 409000611074,
    "Date": "26 Oct 17",
    "Transaction Details": "FDRL/INTERNAL FUND TRANSFE",
    "Value Date": "26 Oct 17",
    "Withdrawal AMT": "",
    "Deposit AMT": "5,00,000.00",
    "Balance AMT": "9,40,008.00"
  },
  {
    "Account No": 409000611074,
    "Date": "27 Oct 17",
    "Transaction Details": "INDO GIBL Indiaforensic STL26101",
    "Value Date": "27 Oct 17",
    "Withdrawal AMT": "2,08,000.00",
    "Deposit AMT": "",
    "Balance AMT": "7,32,008.00"
  },
  {
    "Account No": 409000611074,
    "Date": "30 Oct 17",
    "Transaction Details": "FDRL/INTERNAL FUND TRANSFE",
    "Value Date": "30 Oct 17",
    "Withdrawal AMT": "",
    "Deposit AMT": "5,00,000.00",
    "Balance AMT": "12,32,008.00"
  },
  {
    "Account No": 409000611074,
    "Date": "30 Oct 17",
    "Transaction Details": "INDO GIBL Indiaforensic STL27101",
    "Value Date": "30 Oct 17",
    "Withdrawal AMT": "2,91,150.00",
    "Deposit AMT": "",
    "Balance AMT": "9,40,858.00"
  },
  {
    "Account No": 409000611074,
    "Date": "30 Oct 17",
    "Transaction Details": "INDO GIBL Indiaforensic STL28101",
    "Value Date": "30 Oct 17",
    "Withdrawal AMT": "24,000.00",
    "Deposit AMT": "",
    "Balance AMT": "9,16,858.00"
  },
  {
    "Account No": 409000611074,
    "Date": "31 Oct 17",
    "Transaction Details": "INDO GIBL Indiaforensic STL30101",
    "Value Date": "31 Oct 17",
    "Withdrawal AMT": "1,41,546.00",
    "Deposit AMT": "",
    "Balance AMT": "7,75,312.00"
  },
  {
    "Account No": 409000611074,
    "Date": "1 Nov 17",
    "Transaction Details": "INDO GIBL Indiaforensic STL31101",
    "Value Date": "1 Nov 17",
    "Withdrawal AMT": "80,000.00",
    "Deposit AMT": "",
    "Balance AMT": "6,95,312.00"
  },
  {
    "Account No": 409000611074,
    "Date": "2 Nov 17",
    "Transaction Details": "INDO GIBL Indiaforensic STL01111",
    "Value Date": "2 Nov 17",
    "Withdrawal AMT": "46,250.00",
    "Deposit AMT": "",
    "Balance AMT": "6,49,062.00"
  },
  {
    "Account No": 409000611074,
    "Date": "3 Nov 17",
    "Transaction Details": "INDO GIBL Indiaforensic STL02111",
    "Value Date": "3 Nov 17",
    "Withdrawal AMT": "42,825.00",
    "Deposit AMT": "",
    "Balance AMT": "6,06,237.00"
  },
  {
    "Account No": 409000611074,
    "Date": "6 Nov 17",
    "Transaction Details": "INDO GIBL Indiaforensic STL03111",
    "Value Date": "6 Nov 17",
    "Withdrawal AMT": "1,79,463.00",
    "Deposit AMT": "",
    "Balance AMT": "4,26,774.00"
  },
  {
    "Account No": 409000611074,
    "Date": "6 Nov 17",
    "Transaction Details": "INDO GIBL Indiaforensic STL04111",
    "Value Date": "6 Nov 17",
    "Withdrawal AMT": "18,949.00",
    "Deposit AMT": "",
    "Balance AMT": "4,07,825.00"
  },
  {
    "Account No": 409000611074,
    "Date": "6 Nov 17",
    "Transaction Details": "INDO GIBL Indiaforensic STL05111",
    "Value Date": "6 Nov 17",
    "Withdrawal AMT": "91,441.00",
    "Deposit AMT": "",
    "Balance AMT": "3,16,384.00"
  },
  {
    "Account No": 409000611074,
    "Date": "7 Nov 17",
    "Transaction Details": "INDO GIBL Indiaforensic STL06111",
    "Value Date": "7 Nov 17",
    "Withdrawal AMT": "1,47,750.00",
    "Deposit AMT": "",
    "Balance AMT": "1,68,634.00"
  },
  {
    "Account No": 409000611074,
    "Date": "8 Nov 17",
    "Transaction Details": "FDRL/INTERNAL FUND TRANSFE",
    "Value Date": "8 Nov 17",
    "Withdrawal AMT": "",
    "Deposit AMT": "5,00,000.00",
    "Balance AMT": "6,68,634.00"
  },
  {
    "Account No": 409000611074,
    "Date": "8 Nov 17",
    "Transaction Details": "FDRL/INTERNAL FUND TRANSFE",
    "Value Date": "8 Nov 17",
    "Withdrawal AMT": "",
    "Deposit AMT": "5,00,000.00",
    "Balance AMT": "11,68,634.00"
  },
  {
    "Account No": 409000611074,
    "Date": "8 Nov 17",
    "Transaction Details": "INDO GIBL Indiaforensic STL07111",
    "Value Date": "8 Nov 17",
    "Withdrawal AMT": "1,10,188.00",
    "Deposit AMT": "",
    "Balance AMT": "10,58,446.00"
  },
  {
    "Account No": 409000611074,
    "Date": "9 Nov 17",
    "Transaction Details": "INDO GIBL Indiaforensic STL08111",
    "Value Date": "9 Nov 17",
    "Withdrawal AMT": "61,870.00",
    "Deposit AMT": "",
    "Balance AMT": "9,96,576.00"
  },
  {
    "Account No": 409000611074,
    "Date": "10 Nov 17",
    "Transaction Details": "INDO GIBL Indiaforensic STL09111",
    "Value Date": "10 Nov 17",
    "Withdrawal AMT": "84,101.00",
    "Deposit AMT": "",
    "Balance AMT": "9,12,475.00"
  },
  {
    "Account No": 409000611074,
    "Date": "14 Nov 17",
    "Transaction Details": "INDO GIBL Indiaforensic STL10111",
    "Value Date": "14 Nov 17",
    "Withdrawal AMT": "1,29,700.00",
    "Deposit AMT": "",
    "Balance AMT": "7,82,775.00"
  },
  {
    "Account No": 409000611074,
    "Date": "14 Nov 17",
    "Transaction Details": "INDO GIBL Indiaforensic STL11111",
    "Value Date": "14 Nov 17",
    "Withdrawal AMT": "7,499.00",
    "Deposit AMT": "",
    "Balance AMT": "7,75,276.00"
  },
  {
    "Account No": 409000611074,
    "Date": "14 Nov 17",
    "Transaction Details": "INDO GIBL Indiaforensic STL12111",
    "Value Date": "14 Nov 17",
    "Withdrawal AMT": "80,100.00",
    "Deposit AMT": "",
    "Balance AMT": "6,95,176.00"
  },
  {
    "Account No": 409000611074,
    "Date": "14 Nov 17",
    "Transaction Details": "INDO GIBL Indiaforensic STL13111",
    "Value Date": "14 Nov 17",
    "Withdrawal AMT": "1,43,850.00",
    "Deposit AMT": "",
    "Balance AMT": "5,51,326.00"
  },
  {
    "Account No": 409000611074,
    "Date": "15 Nov 17",
    "Transaction Details": "INDO GIBL Indiaforensic STL14111",
    "Value Date": "15 Nov 17",
    "Withdrawal AMT": "2,89,500.00",
    "Deposit AMT": "",
    "Balance AMT": "2,61,826.00"
  },
  {
    "Account No": 409000611074,
    "Date": "17 Nov 17",
    "Transaction Details": "FDRL/INTERNAL FUND TRANSFE",
    "Value Date": "17 Nov 17",
    "Withdrawal AMT": "",
    "Deposit AMT": "5,00,000.00",
    "Balance AMT": "7,61,826.00"
  },
  {
    "Account No": 409000611074,
    "Date": "17 Nov 17",
    "Transaction Details": "FDRL/INTERNAL FUND TRANSFE",
    "Value Date": "17 Nov 17",
    "Withdrawal AMT": "",
    "Deposit AMT": "5,00,000.00",
    "Balance AMT": "12,61,826.00"
  },
  {
    "Account No": 409000611074,
    "Date": "17 Nov 17",
    "Transaction Details": "INDO GIBL Indiaforensic STL16111",
    "Value Date": "17 Nov 17",
    "Withdrawal AMT": "94,900.00",
    "Deposit AMT": "",
    "Balance AMT": "11,66,926.00"
  },
  {
    "Account No": 409000611074,
    "Date": "17 Nov 17",
    "Transaction Details": "INDO GIBL Indiaforensic STL15111",
    "Value Date": "17 Nov 17",
    "Withdrawal AMT": "2,24,851.00",
    "Deposit AMT": "",
    "Balance AMT": "9,42,075.00"
  },
  {
    "Account No": 409000611074,
    "Date": "18 Nov 17",
    "Transaction Details": "INDO GIBL Indiaforensic STL17111",
    "Value Date": "18 Nov 17",
    "Withdrawal AMT": "2,84,953.00",
    "Deposit AMT": "",
    "Balance AMT": "6,57,122.00"
  },
  {
    "Account No": 409000611074,
    "Date": "20 Nov 17",
    "Transaction Details": "INDO GIBL Indiaforensic STL18111",
    "Value Date": "20 Nov 17",
    "Withdrawal AMT": "1,15,150.00",
    "Deposit AMT": "",
    "Balance AMT": "5,41,972.00"
  },
  {
    "Account No": 409000611074,
    "Date": "20 Nov 17",
    "Transaction Details": "INDO GIBL Indiaforensic STL19111",
    "Value Date": "20 Nov 17",
    "Withdrawal AMT": "40,000.00",
    "Deposit AMT": "",
    "Balance AMT": "5,01,972.00"
  },
  {
    "Account No": 409000611074,
    "Date": "21 Nov 17",
    "Transaction Details": "FDRL/INTERNAL FUND TRANSFE",
    "Value Date": "21 Nov 17",
    "Withdrawal AMT": "",
    "Deposit AMT": "5,00,000.00",
    "Balance AMT": "10,01,972.00"
  },
  {
    "Account No": 409000611074,
    "Date": "21 Nov 17",
    "Transaction Details": "INDO GIBL Indiaforensic STL20111",
    "Value Date": "21 Nov 17",
    "Withdrawal AMT": "1,45,900.00",
    "Deposit AMT": "",
    "Balance AMT": "8,56,072.00"
  },
  {
    "Account No": 409000611074,
    "Date": "22 Nov 17",
    "Transaction Details": "INDO GIBL Indiaforensic STL21111",
    "Value Date": "22 Nov 17",
    "Withdrawal AMT": "83,251.00",
    "Deposit AMT": "",
    "Balance AMT": "7,72,821.00"
  },
  {
    "Account No": 409000611074,
    "Date": "23 Nov 17",
    "Transaction Details": "INDO GIBL Indiaforensic STL22111",
    "Value Date": "23 Nov 17",
    "Withdrawal AMT": "1,92,200.00",
    "Deposit AMT": "",
    "Balance AMT": "5,80,621.00"
  },
  {
    "Account No": 409000611074,
    "Date": "24 Nov 17",
    "Transaction Details": "INDO GIBL Indiaforensic STL23111",
    "Value Date": "24 Nov 17",
    "Withdrawal AMT": "74,799.00",
    "Deposit AMT": "",
    "Balance AMT": "5,05,822.00"
  },
  {
    "Account No": 409000611074,
    "Date": "27 Nov 17",
    "Transaction Details": "FDRL/INTERNAL FUND TRANSFE",
    "Value Date": "27 Nov 17",
    "Withdrawal AMT": "",
    "Deposit AMT": "5,00,000.00",
    "Balance AMT": "10,05,822.00"
  },
  {
    "Account No": 409000611074,
    "Date": "27 Nov 17",
    "Transaction Details": "INDO GIBL Indiaforensic STL24117",
    "Value Date": "27 Nov 17",
    "Withdrawal AMT": "19,400.00",
    "Deposit AMT": "",
    "Balance AMT": "9,86,422.00"
  },
  {
    "Account No": 409000611074,
    "Date": "27 Nov 17",
    "Transaction Details": "INDO GIBL Indiaforensic STL25117",
    "Value Date": "27 Nov 17",
    "Withdrawal AMT": "39,700.00",
    "Deposit AMT": "",
    "Balance AMT": "9,46,722.00"
  },
  {
    "Account No": 409000611074,
    "Date": "27 Nov 17",
    "Transaction Details": "INDO GIBL Indiaforensic STL26117",
    "Value Date": "27 Nov 17",
    "Withdrawal AMT": "42,800.00",
    "Deposit AMT": "",
    "Balance AMT": "9,03,922.00"
  },
  {
    "Account No": 409000611074,
    "Date": "28 Nov 17",
    "Transaction Details": "INDO GIBL Indiaforensic STL27111",
    "Value Date": "28 Nov 17",
    "Withdrawal AMT": "1,00,402.00",
    "Deposit AMT": "",
    "Balance AMT": "8,03,520.00"
  },
  {
    "Account No": 409000611074,
    "Date": "29 Nov 17",
    "Transaction Details": "INDO GIBL Indiaforensic STL28111",
    "Value Date": "29 Nov 17",
    "Withdrawal AMT": "1,01,500.00",
    "Deposit AMT": "",
    "Balance AMT": "7,02,020.00"
  },
  {
    "Account No": 409000611074,
    "Date": "30 Nov 17",
    "Transaction Details": "INDO GIBL Indiaforensic STL29111",
    "Value Date": "30 Nov 17",
    "Withdrawal AMT": "36,961.00",
    "Deposit AMT": "",
    "Balance AMT": "6,65,059.00"
  },
  {
    "Account No": 409000611074,
    "Date": "2 Dec 17",
    "Transaction Details": "INDO GIBL Indiaforensic STL30111",
    "Value Date": "2 Dec 17",
    "Withdrawal AMT": "67,850.00",
    "Deposit AMT": "",
    "Balance AMT": "5,97,209.00"
  },
  {
    "Account No": 409000611074,
    "Date": "2 Dec 17",
    "Transaction Details": "INDO GIBL Indiaforensic STL01121",
    "Value Date": "2 Dec 17",
    "Withdrawal AMT": "19,800.00",
    "Deposit AMT": "",
    "Balance AMT": "5,77,409.00"
  },
  {
    "Account No": 409000611074,
    "Date": "4 Dec 17",
    "Transaction Details": "INDO GIBL Indiaforensic STL02121",
    "Value Date": "4 Dec 17",
    "Withdrawal AMT": "10,000.00",
    "Deposit AMT": "",
    "Balance AMT": "5,67,409.00"
  },
  {
    "Account No": 409000611074,
    "Date": "4 Dec 17",
    "Transaction Details": "INDO GIBL Indiaforensic STL03121",
    "Value Date": "4 Dec 17",
    "Withdrawal AMT": "24,500.00",
    "Deposit AMT": "",
    "Balance AMT": "5,42,909.00"
  },
  {
    "Account No": 409000611074,
    "Date": "5 Dec 17",
    "Transaction Details": "INDO GIBL Indiaforensic STL04121",
    "Value Date": "5 Dec 17",
    "Withdrawal AMT": "41,700.00",
    "Deposit AMT": "",
    "Balance AMT": "5,01,209.00"
  },
  {
    "Account No": 409000611074,
    "Date": "6 Dec 17",
    "Transaction Details": "FDRL/INTERNAL FUND TRANSFE",
    "Value Date": "6 Dec 17",
    "Withdrawal AMT": "",
    "Deposit AMT": "5,00,000.00",
    "Balance AMT": "10,01,209.00"
  },
  {
    "Account No": 409000611074,
    "Date": "6 Dec 17",
    "Transaction Details": "INDO GIBL Indiaforensic STL05121",
    "Value Date": "6 Dec 17",
    "Withdrawal AMT": "2,18,050.00",
    "Deposit AMT": "",
    "Balance AMT": "7,83,159.00"
  },
  {
    "Account No": 409000611074,
    "Date": "7 Dec 17",
    "Transaction Details": "INDO GIBL Indiaforensic STL06121",
    "Value Date": "7 Dec 17",
    "Withdrawal AMT": "1,86,400.00",
    "Deposit AMT": "",
    "Balance AMT": "5,96,759.00"
  },
  {
    "Account No": 409000611074,
    "Date": "8 Dec 17",
    "Transaction Details": "INDO GIBL Indiaforensic STL07121",
    "Value Date": "8 Dec 17",
    "Withdrawal AMT": "1,71,330.00",
    "Deposit AMT": "",
    "Balance AMT": "4,25,429.00"
  },
  {
    "Account No": 409000611074,
    "Date": "11 Dec 17",
    "Transaction Details": "INDO GIBL Indiaforensic STL08121",
    "Value Date": "11 Dec 17",
    "Withdrawal AMT": "34,400.00",
    "Deposit AMT": "",
    "Balance AMT": "3,91,029.00"
  },
  {
    "Account No": 409000611074,
    "Date": "11 Dec 17",
    "Transaction Details": "INDO GIBL Indiaforensic STL09121",
    "Value Date": "11 Dec 17",
    "Withdrawal AMT": "51,199.00",
    "Deposit AMT": "",
    "Balance AMT": "3,39,830.00"
  },
  {
    "Account No": 409000611074,
    "Date": "11 Dec 17",
    "Transaction Details": "INDO GIBL Indiaforensic STL10121",
    "Value Date": "11 Dec 17",
    "Withdrawal AMT": "1,59,150.00",
    "Deposit AMT": "",
    "Balance AMT": "1,80,680.00"
  },
  {
    "Account No": 409000611074,
    "Date": "12 Dec 17",
    "Transaction Details": "FDRL/INTERNAL FUND TRANSFE",
    "Value Date": "12 Dec 17",
    "Withdrawal AMT": "",
    "Deposit AMT": "5,00,000.00",
    "Balance AMT": "6,80,680.00"
  },
  {
    "Account No": 409000611074,
    "Date": "12 Dec 17",
    "Transaction Details": "FDRL/INTERNAL FUND TRANSFE",
    "Value Date": "12 Dec 17",
    "Withdrawal AMT": "",
    "Deposit AMT": "5,00,000.00",
    "Balance AMT": "11,80,680.00"
  },
  {
    "Account No": 409000611074,
    "Date": "13 Dec 17",
    "Transaction Details": "INDO GIBL Indiaforensic STL11121",
    "Value Date": "13 Dec 17",
    "Withdrawal AMT": "2,06,075.00",
    "Deposit AMT": "",
    "Balance AMT": "9,74,605.00"
  },
  {
    "Account No": 409000611074,
    "Date": "13 Dec 17",
    "Transaction Details": "INDO GIBL Indiaforensic STL12121",
    "Value Date": "13 Dec 17",
    "Withdrawal AMT": "1,42,000.00",
    "Deposit AMT": "",
    "Balance AMT": "8,32,605.00"
  },
  {
    "Account No": 409000611074,
    "Date": "14 Dec 17",
    "Transaction Details": "INDO GIBL Indiaforensic STL13121",
    "Value Date": "14 Dec 17",
    "Withdrawal AMT": "3,50,350.00",
    "Deposit AMT": "",
    "Balance AMT": "4,82,255.00"
  },
  {
    "Account No": 409000611074,
    "Date": "15 Dec 17",
    "Transaction Details": "INDO GIBL Indiaforensic STL14121",
    "Value Date": "15 Dec 17",
    "Withdrawal AMT": "3,43,900.00",
    "Deposit AMT": "",
    "Balance AMT": "1,38,355.00"
  },
  {
    "Account No": 409000611074,
    "Date": "18 Dec 17",
    "Transaction Details": "FDRL/INTERNAL FUND TRANSFE",
    "Value Date": "18 Dec 17",
    "Withdrawal AMT": "",
    "Deposit AMT": "5,00,000.00",
    "Balance AMT": "6,38,355.00"
  },
  {
    "Account No": 409000611074,
    "Date": "18 Dec 17",
    "Transaction Details": "FDRL/INTERNAL FUND TRANSFE",
    "Value Date": "18 Dec 17",
    "Withdrawal AMT": "",
    "Deposit AMT": "5,00,000.00",
    "Balance AMT": "11,38,355.00"
  },
  {
    "Account No": 409000611074,
    "Date": "18 Dec 17",
    "Transaction Details": "INDO GIBL Indiaforensic STL15121",
    "Value Date": "18 Dec 17",
    "Withdrawal AMT": "2,10,500.00",
    "Deposit AMT": "",
    "Balance AMT": "9,27,855.00"
  },
  {
    "Account No": 409000611074,
    "Date": "18 Dec 17",
    "Transaction Details": "INDO GIBL Indiaforensic STL17121",
    "Value Date": "18 Dec 17",
    "Withdrawal AMT": "1,39,500.00",
    "Deposit AMT": "",
    "Balance AMT": "7,88,355.00"
  },
  {
    "Account No": 409000611074,
    "Date": "18 Dec 17",
    "Transaction Details": "INDO GIBL Indiaforensic STL16121",
    "Value Date": "18 Dec 17",
    "Withdrawal AMT": "92,550.00",
    "Deposit AMT": "",
    "Balance AMT": "6,95,805.00"
  },
  {
    "Account No": 409000611074,
    "Date": "19 Dec 17",
    "Transaction Details": "FDRL/INTERNAL FUND TRANSFE",
    "Value Date": "19 Dec 17",
    "Withdrawal AMT": "",
    "Deposit AMT": "5,00,000.00",
    "Balance AMT": "11,95,805.00"
  },
  {
    "Account No": 409000611074,
    "Date": "19 Dec 17",
    "Transaction Details": "FDRL/INTERNAL FUND TRANSFE",
    "Value Date": "19 Dec 17",
    "Withdrawal AMT": "",
    "Deposit AMT": "5,00,000.00",
    "Balance AMT": "16,95,805.00"
  },
  {
    "Account No": 409000611074,
    "Date": "19 Dec 17",
    "Transaction Details": "INDO GIBL Indiaforensic STL18121",
    "Value Date": "19 Dec 17",
    "Withdrawal AMT": "6,54,498.00",
    "Deposit AMT": "",
    "Balance AMT": "10,41,307.00"
  },
  {
    "Account No": 409000611074,
    "Date": "20 Dec 17",
    "Transaction Details": "INDO GIBL Indiaforensic STL19121",
    "Value Date": "20 Dec 17",
    "Withdrawal AMT": "5,04,450.00",
    "Deposit AMT": "",
    "Balance AMT": "5,36,857.00"
  },
  {
    "Account No": 409000611074,
    "Date": "20 Dec 17",
    "Transaction Details": "FDRL/INTERNAL FUND TRANSFE",
    "Value Date": "20 Dec 17",
    "Withdrawal AMT": "",
    "Deposit AMT": "5,00,000.00",
    "Balance AMT": "10,36,857.00"
  },
  {
    "Account No": 409000611074,
    "Date": "21 Dec 17",
    "Transaction Details": "INDO GIBL Indiaforensic STL20121",
    "Value Date": "21 Dec 17",
    "Withdrawal AMT": "5,61,225.00",
    "Deposit AMT": "",
    "Balance AMT": "4,75,632.00"
  },
  {
    "Account No": 409000611074,
    "Date": "21 Dec 17",
    "Transaction Details": "FDRL/INTERNAL FUND TRANSFE",
    "Value Date": "21 Dec 17",
    "Withdrawal AMT": "",
    "Deposit AMT": "5,00,000.00",
    "Balance AMT": "9,75,632.00"
  },
  {
    "Account No": 409000611074,
    "Date": "21 Dec 17",
    "Transaction Details": "FDRL/INTERNAL FUND TRANSFE",
    "Value Date": "21 Dec 17",
    "Withdrawal AMT": "",
    "Deposit AMT": "5,00,000.00",
    "Balance AMT": "14,75,632.00"
  }
]